sku,base_image
10001,10001_1.jpg
10001-S,10001-S_1.jpg
10003,10003_1.jpg
10004,10003_1.jpg
10005,10003_1.jpg
10006,10003_1.jpg
10007,10003_1.jpg
10008,10003_1.jpg
10009,10003_1.jpg
10010,10003_1.jpg
10011,10003_1.jpg
10012,10003_1.jpg
10013,10003_1.jpg
10057,10057_1.jpg
10060,10060_1.jpg
10062,10062_1.jpg
10063,10063_1.jpg
10094,10094_1.jpg
10094-M,10094-M_1.jpg
10137-DBE,10137-DBE_1.jpg
10137-LGN,10137-LGN_1.jpg
10145,10145_1.jpg
10155,10155_1.jpg
10156,10156_1.jpg
10157,10157_1.jpg
10158,10158_1.jpg
10159,10159_1.jpg
10178,10178_1.jpg
10180-BE,10180-BE_1.jpg
10180-BK,10180-BK_1.jpg
10180-RD,10180-RD_1.jpg
10192,10192_1.jpg
10193-M,10193-M_1.jpg
10193-S,10193-S_1.jpg
10201-RD,10201-RD_1.jpg
10201-S,10201-S_1.jpg
10203,10203_1.jpg
10204,10204_1.jpg
10210,10210_1.jpg
10211,10211_1.jpg
10212,10212_1.jpg
10230,10230_1.jpg
10246-RD,10246-RD_1.jpg
10251,10251_1.jpg
10252,10252_1.jpg
10258,10258_1.jpg
10259,10259_1.jpg
10260,10260_1.jpg
10261,10261_1.jpg
10262-MG,10262-MG_1.jpg
10264-WE,10264-WE_1.jpg
10266,10266_1.jpg
10268,10268_1.jpg
10269-BK,10269-BK_1.jpg
10274,10274_1.jpg
10275,10275_1.jpg
10280,10280_1.jpg
10281,10281_1.jpg
10282,10282_1.jpg
10283,10283_1.jpg
10284,10284_1.jpg
10284-M,10284-M_1.jpg
10285-BE,10285-BE_1.jpg
10285-BK,10285-BK_1.jpg
10286-BK,10286-BK_1.jpg
10286-WE,10286-WE_1.jpg
10289,10289_1.jpg
10290,10290_1.jpg
10291,10291_1.jpg
10292,10292_1.jpg
10294,10294_1.jpg
10295-BK,10295-BK_1.jpg
10295-SR,10295-SR_1.jpg
10296-BK,10296-BK_1.jpg
10296-SR,10296-SR_1.jpg
10297-BK,10297-BK_1.jpg
10297-DBE,10297-DBE_1.jpg
10297-DGN,10297-DGN_1.jpg
10297-GD,10297-GD_1.jpg
10297-OE,10297-OE_1.jpg
10297-SR,10297-SR_1.jpg
10298-BK,10298-BK_1.jpg
10298-RD,10298-RD_1.jpg
10300-GM,10300-GM_1.jpg
10301-GM,10301-GM_1.jpg
10303-BK,10303-BK_1.jpg
10303-DBE,10303-DBE_1.jpg
10303-DGY,10303-DGY_1.jpg
10303-LGN,10303-LGN_1.jpg
10303-OE,10303-OE_1.jpg
10303-RD,10303-RD_1.jpg
10303-SR,10303-SR_1.jpg
10306,10306_1.jpg
10307,10307_1.jpg
10308,10308_1.jpg
10309-BE,10309-BE_1.jpg
10309-BK,10309-BK_1.jpg
10309-LBE,10309-LBE_1.jpg
10309-LGN,10309-LGN_1.jpg
10309-LMG,10309-LMG_1.jpg
10309-OE,10309-OE_1.jpg
10309-PE,10309-PE_1.jpg
10309-RD,10309-RD_1.jpg
10309-WE,10309-WE_1.jpg
10311,10311_1.jpg
10312,10312_1.jpg
10313,10313_1.jpg
10314,10314_1.jpg
10315,10315_1.jpg
10316,10316_1.jpg
10317,10317_1.jpg
10318,10318_1.jpg
10319,10319_1.jpg
10320,10320_1.jpg
10321-BK,10321-BK_1.jpg
10322,10322_1.jpg
10325-BE,10325-BE_1.jpg
10325-DGY,10325-DGY_1.jpg
10327,10327_1.jpg
10328,10328_1.jpg
10329,10329_1.jpg
10330,10330_1.jpg
10331,10331_1.jpg
10332,10332_1.jpg
10333,10333_1.jpg
10334,10334_1.jpg
10335,10335_1.jpg
10336,10336_1.jpg
10337,10337_1.jpg
10338-BE,10338-BE_1.jpg
10338-BK,10338-BK_1.jpg
10338-LGN,10338-LGN_1.jpg
10338-RD,10338-RD_1.jpg
10338-WE,10338-WE_1.jpg
10338-YW,10338-YW_1.jpg
10339-BE,10339-BE_1.jpg
10339-BK,10339-BK_1.jpg
10339-LGN,10339-LGN_1.jpg
10339-RD,10339-RD_1.jpg
10339-WE,10339-WE_1.jpg
10339-YW,10339-YW_1.jpg
10340-BE,10340-BE_1.jpg
10340-RD,10340-RD_1.jpg
10341-BE,10341-BE_1.jpg
10341-BK,10341-BK_1.jpg
10341-OE,10341-OE_1.jpg
10341-RD,10341-RD_1.jpg
10341-WE,10341-WE_1.jpg
10341-YW,10341-YW_1.jpg
19011-SR/W,19011-SR_W_1.jpg
19013-SR/W,19013-SR_W_1.jpg
19017,19017_1.jpg
19018,19018_1.jpg
19022,19022_1.jpg
19023,19023_1.jpg
19027,19027_1.jpg
19031,19031_1.jpg
19033,19033_1.jpg
19036,19036_1.jpg
19037,19037_1.jpg
19039,19039_1.jpg
19040-BK,19040-BK_1.jpg
19040-SR,19040-SR_1.jpg
19042,19042_1.jpg
19043-BE,19043-BE_1.jpg
19043-BK,19043-BK_1.jpg
19043-RD,19043-RD_1.jpg
19043-SR,19043-SR_1.jpg
19044,19044_1.jpg
19045,19045_1.jpg
19046-BE,19046-BE_1.jpg
19046-BK,19046-BK_1.jpg
19046-RD,19046-RD_1.jpg
19046-SR,19046-SR_1.jpg
19047-BK,19047-BK_1.jpg
19047-SR,19047-SR_1.jpg
19048,19048_1.jpg
2010020,2010020_1.jpg
2010052,2010052_1.jpg
2010120,2010120_1.jpg
2010138,2010138_1.jpg
2010158,2010158_1.jpg
2010159,2010159_1.jpg
2010200,2010200_1.jpg
2010201,2010201_1.jpg
2050331,2050331_1.jpg
2060018,2060018_1.jpg
3010020,3010020_1.jpg
3010158,3010158_1.jpg
3010200,3010200_1.jpg
4010158,4010158_1.jpg
50002,50002_1.jpg
50007-M,50007-M_1.jpg
50013-M,50013-M_1.jpg
50015,50015_1.jpg
50019,50019_1.jpg
50020,50020_1.jpg
50021,50021_1.jpg
50022,50022_1.jpg
50038,50038_1.jpg
50042,50042_1.jpg
50046,50046_1.jpg
50046-M,50046-M_1.jpg
50057,50057_1.jpg
50058,50058_1.jpg
50061,50061_1.jpg
50072-M,50072-M_1.jpg
5010158,5010158_1.jpg
50103,50103_1.jpg
50108,50108_1.jpg
50178,50178_1.jpg
50185,50185_1.jpg
50192,50192_1.jpg
50240,50240_1.jpg
50264,50264_1.jpg
50290,50290_1.jpg
50306,50306_1.jpg
50314,50314_1.jpg
50334,50334_1.jpg
50347,50347_1.jpg
50347-DGY,50347-DGY_1.jpg
50347-OE,50347-OE_1.jpg
50354,50354_1.jpg
50354-DGY,50354-DGY_1.jpg
50403,50403_1.jpg
50439,50439_1.jpg
50464,50464_1.jpg
50485,50485_1.jpg
50524,50524_1.jpg
50542,50542_1.jpg
50581,50581_1.jpg
50588,50588_1.jpg
50589,50589_1.jpg
50592,50592_1.jpg
50601,50601_1.jpg
50611,50611_1.jpg
50612-SR,50612-SR_1.jpg
50615,50615_1.jpg
50616,50616_1.jpg
50617-SR,50617-SR_1.jpg
50623,50623_1.jpg
50636,50636_1.jpg
50652-BE,50652-BE_1.jpg
50656,50656_1.jpg
50660,50660_1.jpg
50664,50664_1.jpg
50672,50672_1.jpg
50673,50673_1.jpg
50674,50674_1.jpg
50675,50675_1.jpg
50679,50679_1.jpg
50682,50682_1.jpg
50690-BE,50690-BE_1.jpg
50690-GY,50690-GY_1.jpg
50690-SR,50690-SR_1.jpg
50694-BE,50694-BE_1.jpg
50694-BK,50694-BK_1.jpg
50694-BKR,50694-BKR_1.jpg
50694-DGN,50694-DGN_1.jpg
50694-LRD,50694-LRD_1.jpg
50694-M,50694-M_1.jpg
50694-MG,50694-MG_1.jpg
50694-RD,50694-RD_1.jpg
50694-S,50694-S_1.jpg
50694-WEC,50694-WEC_1.jpg
50703,50703_1.jpg
50703-DGY,50703-DGY_1.jpg
50703-OE,50703-OE_1.jpg
50719,50719_1.jpg
50732,50732_1.jpg
50733,50733_1.jpg
50776,50776_1.jpg
50793,50793_1.jpg
50801,50801_1.jpg
50805,50805_1.jpg
50806,50806_1.jpg
50810,50810_1.jpg
50811,50811_1.jpg
50812,50812_1.jpg
50822,50822_1.jpg
50823,50823_1.jpg
50826,50826_1.jpg
50847-RD,50847-RD_1.jpg
50858,50858_1.jpg
50868,50868_1.jpg
50883-GY,50883-GY_1.jpg
50884-CR,50884-CR_1.jpg
50884-GY,50884-GY_1.jpg
50891,50891_1.jpg
50895-SR,50895-SR_1.jpg
50903,50903_1.jpg
50904,50904_1.jpg
50920,50920_1.jpg
50931,50931_1.jpg
50936,50936_1.jpg
50937,50937_1.jpg
50943,50943_1.jpg
50950,50950_1.jpg
50952,50952_1.jpg
50973,50973_1.jpg
50976,50976_1.jpg
50981,50981_1.jpg
51002,51002_1.jpg
51003,51003_1.jpg
51006,51006_1.jpg
51012,51012_1.jpg
51015,51015_1.jpg
51018-BK,51018-BK_1.jpg
51032,51032_1.jpg
51033,51033_1.jpg
51035,51035_1.jpg
51048,51048_1.jpg
51062,51062_1.jpg
51069-BE,51069-BE_1.jpg
51069-RD,51069-RD_1.jpg
51069-SR,51069-SR_1.jpg
51069-WE,51069-WE_1.jpg
51071,51071_1.jpg
51078,51078_1.jpg
51079,51079_1.jpg
51082,51082_1.jpg
51084-OE,51084-OE_1.jpg
51085-BK,51085-BK_1.jpg
51085-GN,51085-GN_1.jpg
51085-LBE,51085-LBE_1.jpg
51085-RD,51085-RD_1.jpg
51091-LBE,51091-LBE_1.jpg
51105,51105_1.jpg
51112,51112_1.jpg
51113,51113_1.jpg
51140,51140_1.jpg
51154,51154_1.jpg
51155,51155_1.jpg
51161,51161_1.jpg
51165,51165_1.jpg
51170,51170_1.jpg
51173,51173_1.jpg
51176,51176_1.jpg
51181,51181_1.jpg
51182,51182_1.jpg
51187,51187_1.jpg
51195,51195_1.jpg
51196,51196_1.jpg
51197,51197_1.jpg
51198,51198_1.jpg
51202,51202_1.jpg
51206,51206_1.jpg
51207,51207_1.jpg
51208,51208_1.jpg
51213,51213_1.jpg
51214,51214_1.jpg
51225,51225_1.jpg
51240,51240_1.jpg
51241,51241_1.jpg
51242-BK,51242-BK_1.jpg
51251,51251_1.jpg
51265-BK,51265-BK_1.jpg
51290,51290_1.jpg
51291,51291_1.jpg
51294,51294_1.jpg
51295-GY,51295-GY_1.jpg
51299,51299_1.jpg
51310,51310_1.jpg
51311,51311_1.jpg
51323-RD,51323-RD_1.jpg
51327,51327_1.jpg
51330,51330_1.jpg
51338,51338_1.jpg
51339,51339_1.jpg
51340,51340_1.jpg
51341,51341_1.jpg
51348,51348_1.jpg
51350,51350_1.jpg
51351,51351_1.jpg
51354,51354_1.jpg
51356,51356_1.jpg
51357,51357_1.jpg
51358,51358_1.jpg
51359,51359_1.jpg
51360,51360_1.jpg
51361,51361_1.jpg
51364,51364_1.jpg
51367,51367_1.jpg
51369,51369_1.jpg
51371,51371_1.jpg
51374,51374_1.jpg
51376,51376_1.jpg
51377,51377_1.jpg
51377-S,51377-S_1.jpg
51377-SR,51377-SR_1.jpg
51378,51378_1.jpg
51381,51381_1.jpg
51391,51391_1.jpg
51393,51393_1.jpg
51394,51394_1.jpg
51401-BE,51401-BE_1.jpg
51401-RD,51401-RD_1.jpg
51401-WE,51401-WE_1.jpg
51402-WE,51402-WE_1.jpg
51405,51405_1.jpg
51410,51410_1.jpg
51412,51412_1.jpg
51413,51413_1.jpg
51414,51414_1.jpg
51415,51415_1.jpg
51416,51416_1.jpg
51417,51417_1.jpg
51418,51418_1.jpg
51419,51419_1.jpg
51423,51423_1.jpg
51424,51424_1.jpg
51427,51427_1.jpg
51428,51428_1.jpg
51430,51430_1.jpg
51433,51433_1.jpg
51437,51437_1.jpg
51438,51438_1.jpg
51440-BE,51440-BE_1.jpg
51440-WE,51440-WE_1.jpg
51441-BK,51441-BK_1.jpg
51441-RD,51441-RD_1.jpg
51441-WE,51441-WE_1.jpg
51442,51442_1.jpg
51443,51443_1.jpg
51444,51444_1.jpg
51445,51445_1.jpg
51454,51454_1.jpg
51455,51455_1.jpg
51457,51457_1.jpg
51458-BE,51458-BE_1.jpg
51458-GY,51458-GY_1.jpg
51458-RD,51458-RD_1.jpg
51460-BE,51460-BE_1.jpg
51460-BK,51460-BK_1.jpg
51460-RD,51460-RD_1.jpg
51460-WE,51460-WE_1.jpg
51462,51462_1.jpg
51467,51467_1.jpg
51467-BK,51467-BK_1.jpg
51469,51469_1.jpg
51472,51472_1.jpg
51473,51473_1.jpg
51474,51474_1.jpg
51475,51475_1.jpg
51476,51476_1.jpg
51477,51477_1.jpg
51478,51478_1.jpg
51480,51480_1.jpg
51481,51481_1.jpg
51482,51482_1.jpg
51483,51483_1.jpg
51487,51487_1.jpg
51493,51493_1.jpg
51494,51494_1.jpg
51495,51495_1.jpg
51496,51496_1.jpg
51497,51497_1.jpg
51498,51498_1.jpg
51499,51499_1.jpg
51501,51501_1.jpg
51502,51502_1.jpg
51503,51503_1.jpg
51504,51504_1.jpg
51505,51505_1.jpg
51508,51508_1.jpg
51509,51509_1.jpg
51510,51510_1.jpg
51511-BK,51511-BK_1.jpg
51511-SR,51511-SR_1.jpg
51512,51512_1.jpg
51514,51514_1.jpg
51517-BE,51517-BE_1.jpg
51517-LRD,51517-LRD_1.jpg
51518-BK,51518-BK_1.jpg
51518-LRD,51518-LRD_1.jpg
51518-SR,51518-SR_1.jpg
51518-WE,51518-WE_1.jpg
51519,51519_1.jpg
51520,51520_1.jpg
51521,51521_1.jpg
51522,51522_1.jpg
51523,51523_1.jpg
51524,51524_1.jpg
51528,51528_1.jpg
51530,51530_1.jpg
51531,51531_1.jpg
51533,51533_1.jpg
51534,51534_1.jpg
51535,51535_1.jpg
51537,51537_1.jpg
51538,51538_1.jpg
51540-BK,51540-BK_1.jpg
51540-WE,51540-WE_1.jpg
51541-BK,51541-BK_1.jpg
51541-WE,51541-WE_1.jpg
51546,51546_1.jpg
51549,51549_1.jpg
51550,51550_1.jpg
51551,51551_1.jpg
51552,51552_1.jpg
51554,51554_1.jpg
51555,51555_1.jpg
51556,51556_1.jpg
51557,51557_1.jpg
51558,51558_1.jpg
51559,51559_1.jpg
51560,51560_1.jpg
51562-GD,51562-GD_1.jpg
51562-SR,51562-SR_1.jpg
51563,51563_1.jpg
51566,51566_1.jpg
51567,51567_1.jpg
51568,51568_1.jpg
51569,51569_1.jpg
51570,51570_1.jpg
51571,51571_1.jpg
51572,51572_1.jpg
51574,51574_1.jpg
51576-GY,51576-GY_1.jpg
51576-RD,51576-RD_1.jpg
51577,51577_1.jpg
51578,51578_1.jpg
51579,51579_1.jpg
51580,51580_1.jpg
51581,51581_1.jpg
51582-LGY,51582-LGY_1.jpg
51583-LGY,51583-LGY_1.jpg
51584-LGY,51584-LGY_1.jpg
51585-LGY,51585-LGY_1.jpg
51586-LGY,51586-LGY_1.jpg
51587-LGY,51587-LGY_1.jpg
51592,51592_1.jpg
51593,51593_1.jpg
51594,51594_1.jpg
51595,51595_1.jpg
51596,51596_1.jpg
51601,51601_1.jpg
51602,51602_1.jpg
51603,51603_1.jpg
51604,51604_1.jpg
51606-BK,51606-BK_1.jpg
51606-SBE,51606-SBE_1.jpg
51606-SBK,51606-SBK_1.jpg
51608-BK,51608-BK_1.jpg
51608-SBE,51608-SBE_1.jpg
51608-SBK,51608-SBK_1.jpg
51610-BK,51610-BK_1.jpg
51610-OE,51610-OE_1.jpg
51610-SBK,51610-SBK_1.jpg
51612,51612_1.jpg
51613,51613_1.jpg
51614,51614_1.jpg
51615-BK,51615-BK_1.jpg
51615-RD,51615-RD_1.jpg
51615-WE,51615-WE_1.jpg
51618-BE,51618-BE_1.jpg
51618-BK,51618-BK_1.jpg
51618-RD,51618-RD_1.jpg
51618-WE,51618-WE_1.jpg
51619,51619_1.jpg
51620,51620_1.jpg
51621,51621_1.jpg
51623,51623_1.jpg
51625,51625_1.jpg
51626,51626_1.jpg
51627,51627_1.jpg
51629-BK,51629-BK_1.jpg
51629-SR,51629-SR_1.jpg
51629-WE,51629-WE_1.jpg
51630,51630_1.jpg
51631,51631_1.jpg
51632,51632_1.jpg
51633,51633_1.jpg
51634,51634_1.jpg
51635,51635_1.jpg
51636,51636_1.jpg
51637,51637_1.jpg
51638-S,51638-S_1.jpg
51639,51639_1.jpg
51640,51640_1.jpg
51641,51641_1.jpg
51642,51642_1.jpg
51643,51643_1.jpg
51644,51644_1.jpg
51645,51645_1.jpg
51647,51647_1.jpg
51648,51648_1.jpg
51649,51649_1.jpg
51650-BK,51650-BK_1.jpg
51650-SR,51650-SR_1.jpg
51651,51651_1.jpg
51652,51652_1.jpg
51653,51653_1.jpg
51654,51654_1.jpg
51655,51655_1.jpg
51656,51656_1.jpg
51657,51657_1.jpg
51658,51658_1.jpg
51659,51659_1.jpg
51660,51660_1.jpg
51661,51661_1.jpg
51663,51663_1.jpg
51665-WE,51665-WE_1.jpg
51666-BK,51666-BK_1.jpg
51666-WE,51666-WE_1.jpg
51667,51667_1.jpg
51668,51668_1.jpg
51669,51669_1.jpg
51671,51671_1.jpg
51672,51672_1.jpg
51673,51673_1.jpg
51674,51674_1.jpg
51676,51676_1.jpg
51677-BE,51677-BE_1.jpg
51677-BK,51677-BK_1.jpg
51677-RD,51677-RD_1.jpg
51677-SR,51677-SR_1.jpg
51679,51679_1.jpg
51681-BK,51681-BK_1.jpg
51681-S,51681-S_1.jpg
51683,51683_1.jpg
51684,51684_1.jpg
51685,51685_1.jpg
51688-WEBE,51688-WEBE_1.jpg
51688-WEBK,51688-WEBK_1.jpg
51688-WELGN,51688-WELGN_1.jpg
51688-WEMG,51688-WEMG_1.jpg
51688-WEOE,51688-WEOE_1.jpg
51688-WERD,51688-WERD_1.jpg
51688-WEWE,51688-WEWE_1.jpg
51688-WEYW,51688-WEYW_1.jpg
51689-BK,51689-BK_1.jpg
51689-S,51689-S_1.jpg
51689-WE,51689-WE_1.jpg
51690-BK,51690-BK_1.jpg
51690-WE,51690-WE_1.jpg
51693-BK,51693-BK_1.jpg
51693-WE,51693-WE_1.jpg
51694-BK,51694-BK_1.jpg
51694-BKR,51694-BKR_1.jpg
51694-WE,51694-WE_1.jpg
51694-WER,51694-WER_1.jpg
51695-BK,51695-BK_1.jpg
51695-WE,51695-WE_1.jpg
51707-BE,51707-BE_1.jpg
51707-BK,51707-BK_1.jpg
51707-DGY,51707-DGY_1.jpg
51707-RD,51707-RD_1.jpg
51708-BE,51708-BE_1.jpg
51708-BK,51708-BK_1.jpg
51708-DGY,51708-DGY_1.jpg
51708-RD,51708-RD_1.jpg
51708-SR,51708-SR_1.jpg
51709-BE,51709-BE_1.jpg
51709-BK,51709-BK_1.jpg
51709-DGY,51709-DGY_1.jpg
51709-RD,51709-RD_1.jpg
51709-SR,51709-SR_1.jpg
51713-BK,51713-BK_1.jpg
51713-SR,51713-SR_1.jpg
51714,51714_1.jpg
51715,51715_1.jpg
51716,51716_1.jpg
51717,51717_1.jpg
51718,51718_1.jpg
51719,51719_1.jpg
51720,51720_1.jpg
51721-BK,51721-BK_1.jpg
51721-BKR,51721-BKR_1.jpg
51721-WE,51721-WE_1.jpg
51721-WER,51721-WER_1.jpg
51722,51722_1.jpg
51723,51723_1.jpg
51724,51724_1.jpg
51725,51725_1.jpg
51726,51726_1.jpg
51727,51727_1.jpg
51728,51728_1.jpg
51729,51729_1.jpg
51730,51730_1.jpg
51731,51731_1.jpg
51732,51732_1.jpg
51733,51733_1.jpg
51734,51734_1.jpg
51735-BK,51735-BK_1.jpg
51735-RD,51735-RD_1.jpg
51735-SR,51735-SR_1.jpg
51736,51736_1.jpg
51737,51737_1.jpg
51738,51738_1.jpg
51739,51739_1.jpg
51740,51740_1.jpg
51741,51741_1.jpg
51742-BK,51742-BK_1.jpg
51742-SR,51742-SR_1.jpg
51742-WE,51742-WE_1.jpg
51743,51743_1.jpg
51744,51744_1.jpg
51745-DGY,51745-DGY_1.jpg
51745-SR,51745-SR_1.jpg
51746-BK,51746-BK_1.jpg
51746-SR,51746-SR_1.jpg
51746-WE,51746-WE_1.jpg
51747,51747_1.jpg
51748,51748_1.jpg
51749,51749_1.jpg
51751,51751_1.jpg
51752,51752_1.jpg
51754,51754_1.jpg
51755,51755_1.jpg
51756,51756_1.jpg
51757,51757_1.jpg
51758,51758_1.jpg
51759,51759_1.jpg
51760,51760_1.jpg
51761,51761_1.jpg
51762,51762_1.jpg
51763,51763_1.jpg
51764-BK,51764-BK_1.jpg
51764-OE,51764-OE_1.jpg
51765-BK,51765-BK_1.jpg
51765-OE,51765-OE_1.jpg
51766-SR,51766-SR_1.jpg
51767-L,51767-L_1.jpg
51767-S,51767-S_1.jpg
51767-XL,51767-XL_1.jpg
51771,51771_1.jpg
51772,51772_1.jpg
51773,51773_1.jpg
51774,51774_1.jpg
51776,51776_1.jpg
51777-BK,51777-BK_1.jpg
51777-BK-R,51777-BK-R_1.jpg
51777-WE,51777-WE_1.jpg
51777-WE-R,51777-WE-R_1.jpg
51778,51778_1.jpg
51779-BE,51779-BE_1.jpg
51779-BK,51779-BK_1.jpg
51779-RD,51779-RD_1.jpg
51779-WE,51779-WE_1.jpg
51780-BE,51780-BE_1.jpg
51780-BK,51780-BK_1.jpg
51780-RD,51780-RD_1.jpg
51780-WE,51780-WE_1.jpg
51781,51781_1.jpg
51782,51782_1.jpg
51783,51783_1.jpg
51784-BE,51784-BE_1.jpg
51784-BK,51784-BK_1.jpg
51784-RD,51784-RD_1.jpg
51784-SR,51784-SR_1.jpg
51785,51785_1.jpg
51789-BE,51789-BE_1.jpg
51789-BK,51789-BK_1.jpg
51789-RD,51789-RD_1.jpg
51789-WE,51789-WE_1.jpg
51790-BE,51790-BE_1.jpg
51790-BK,51790-BK_1.jpg
51791-BK,51791-BK_1.jpg
51791-DBE,51791-DBE_1.jpg
51791-LGN,51791-LGN_1.jpg
51791-RD,51791-RD_1.jpg
51792-BK,51792-BK_1.jpg
51792-DBE,51792-DBE_1.jpg
51792-LGN,51792-LGN_1.jpg
51792-RD,51792-RD_1.jpg
51793-BE,51793-BE_1.jpg
51793-WE,51793-WE_1.jpg
51794-BE,51794-BE_1.jpg
51794-LBN,51794-LBN_1.jpg
51794-RD,51794-RD_1.jpg
51795-BE,51795-BE_1.jpg
51795-LBN,51795-LBN_1.jpg
51795-RD,51795-RD_1.jpg
51796-BK,51796-BK_1.jpg
51796-DBE,51796-DBE_1.jpg
51796-LGN,51796-LGN_1.jpg
51796-RD,51796-RD_1.jpg
51797-WE,51797-WE_1.jpg
51798-WE,51798-WE_1.jpg
51799,51799_1.jpg
51800-WE,51800-WE_1.jpg
51801-BE,51801-BE_1.jpg
51801-BK,51801-BK_1.jpg
51801-RD,51801-RD_1.jpg
51801-WE,51801-WE_1.jpg
51802-BK,51802-BK_1.jpg
51803-BK,51803-BK_1.jpg
51804-BK,51804-BK_1.jpg
51805-BK,51805-BK_1.jpg
51806-BK,51806-BK_1.jpg
51808-BK,51808-BK_1.jpg
51809-BK,51809-BK_1.jpg
51810,51810_1.jpg
51811,51811_1.jpg
51812-WE,51812-WE_1.jpg
51813-WE,51813-WE_1.jpg
51815-WE,51815-WE_1.jpg
51816-BK,51816-BK_1.jpg
51817-BK,51817-BK_1.jpg
51817-WE,51817-WE_1.jpg
51818-BK,51818-BK_1.jpg
51819,51819_1.jpg
51820-BK,51820-BK_1.jpg
51820-WE,51820-WE_1.jpg
51821-BK,51821-BK_1.jpg
51821-WE,51821-WE_1.jpg
51822-BE,51822-BE_1.jpg
51822-BK,51822-BK_1.jpg
51822-MG,51822-MG_1.jpg
51822-SR,51822-SR_1.jpg
51823-BK,51823-BK_1.jpg
51824,51824_1.jpg
51825-BK,51825-BK_1.jpg
51827,51827_1.jpg
51830-BE,51830-BE_1.jpg
51830-BK,51830-BK_1.jpg
51830-RD,51830-RD_1.jpg
51831-BK,51831-BK_1.jpg
51832-BE,51832-BE_1.jpg
51832-BK,51832-BK_1.jpg
51832-LGN,51832-LGN_1.jpg
51832-MG,51832-MG_1.jpg
51832-RD,51832-RD_1.jpg
51832-SR,51832-SR_1.jpg
51832-WE,51832-WE_1.jpg
51833-BK,51833-BK_1.jpg
51833-WE,51833-WE_1.jpg
51834-BE,51834-BE_1.jpg
51836,51836_1.jpg
51837-BKR,51837-BKR_1.jpg
51837-WER,51837-WER_1.jpg
51839,51839_1.jpg
51840,51840_1.jpg
51842-BK,51842-BK_1.jpg
51843-RD,51843-RD_1.jpg
51845,51845_1.jpg
51845-BE,51845-BE_1.jpg
51845-RD,51845-RD_1.jpg
51846-BK,51846-BK_1.jpg
51847-BK,51847-BK_1.jpg
51848-SR,51848-SR_1.jpg
51849-BK,51849-BK_1.jpg
51849-WE,51849-WE_1.jpg
51850,51850_1.jpg
51851-WE,51851-WE_1.jpg
51852-BK,51852-BK_1.jpg
51853,51853_1.jpg
51854,51854_1.jpg
51855,51855_1.jpg
51856,51856_1.jpg
51857-BK,51857-BK_1.jpg
51857-WE,51857-WE_1.jpg
51858-BK,51858-BK_1.jpg
51858-WE,51858-WE_1.jpg
51859-BKR,51859-BKR_1.jpg
51859-SR,51859-SR_1.jpg
51860,51860_1.jpg
51861-WE,51861-WE_1.jpg
51862,51862_1.jpg
51863,51863_1.jpg
51864,51864_1.jpg
51865,51865_1.jpg
51866-BK,51866-BK_1.jpg
51866-SR,51866-SR_1.jpg
51866-WE,51866-WE_1.jpg
51867-BK,51867-BK_1.jpg
51868-BE,51868-BE_1.jpg
51868-BK,51868-BK_1.jpg
51868-BN,51868-BN_1.jpg
51870-BE,51870-BE_1.jpg
51870-BK,51870-BK_1.jpg
51870-RD,51870-RD_1.jpg
51870-SR,51870-SR_1.jpg
51871-GY,51871-GY_1.jpg
51872,51872_1.jpg
51873,51873_1.jpg
51874,51874_1.jpg
51875-BK,51875-BK_1.jpg
51876,51876_1.jpg
51877,51877_1.jpg
51878-BK,51878-BK_1.jpg
51878-WE,51878-WE_1.jpg
51879-BKBK,51879-BKBK_1.jpg
51879-BKWE,51879-BKWE_1.jpg
51880,51880_1.jpg
51881,51881_1.jpg
51882,51882_1.jpg
51883-BE,51883-BE_1.jpg
51883-BK,51883-BK_1.jpg
51883-RD,51883-RD_1.jpg
51883-WE,51883-WE_1.jpg
51884-BK,51884-BK_1.jpg
51884-SR,51884-SR_1.jpg
51888-BK,51888-BK_1.jpg
51888-BK-R,51888-BK-R_1.jpg
51888-WE,51888-WE_1.jpg
51888-WE-R,51888-WE-R_1.jpg
51889-BK,51889-BK_1.jpg
51889-WE,51889-WE_1.jpg
51891-BKR,51891-BKR_1.jpg
51891-WER,51891-WER_1.jpg
51892-RD,51892-RD_1.jpg
51893,51893_1.jpg
51894,51894_1.jpg
51895,51895_1.jpg
51896,51896_1.jpg
51897,51897_1.jpg
51898,51898_1.jpg
51899,51899_1.jpg
51900,51900_1.jpg
51902-WE,51902-WE_1.jpg
51903-WE,51903-WE_1.jpg
51904-BE,51904-BE_1.jpg
51904-BK,51904-BK_1.jpg
51905,51905_1.jpg
51906,51906_1.jpg
51907,51907_1.jpg
51908-BE,51908-BE_1.jpg
51908-BK,51908-BK_1.jpg
51908-RD,51908-RD_1.jpg
51908-WE,51908-WE_1.jpg
51910,51910_1.jpg
51911,51911_1.jpg
51912-BK,51912-BK_1.jpg
51912-GY,51912-GY_1.jpg
51912-SR,51912-SR_1.jpg
51913,51913_1.jpg
51914,51914_1.jpg
51915,51915_1.jpg
51916-BE,51916-BE_1.jpg
51916-BK,51916-BK_1.jpg
51916-WE,51916-WE_1.jpg
51917-BE,51917-BE_1.jpg
51917-RD,51917-RD_1.jpg
51917-WE,51917-WE_1.jpg
51918-WE,51918-WE_1.jpg
51919-BE,51919-BE_1.jpg
51919-RD,51919-RD_1.jpg
51919-WE,51919-WE_1.jpg
51920-WE,51920-WE_1.jpg
51921-DBE,51921-DBE_1.jpg
51921-GY,51921-GY_1.jpg
51921-RD,51921-RD_1.jpg
51922-WEBE,51922-WEBE_1.jpg
51922-WERD,51922-WERD_1.jpg
51922-WEWE,51922-WEWE_1.jpg
51923-WEBE,51923-WEBE_1.jpg
51923-WEGY,51923-WEGY_1.jpg
51923-WERD,51923-WERD_1.jpg
51924-WE,51924-WE_1.jpg
51925-BE,51925-BE_1.jpg
51925-BK,51925-BK_1.jpg
51925-RD,51925-RD_1.jpg
51926,51926_1.jpg
51927,51927_1.jpg
51928,51928_1.jpg
51929,51929_1.jpg
51930,51930_1.jpg
51932-WE,51932-WE_1.jpg
51934,51934_1.jpg
51935,51935_1.jpg
51936-BE,51936-BE_1.jpg
51936-BK,51936-BK_1.jpg
51936-MG,51936-MG_1.jpg
51936-OE,51936-OE_1.jpg
51936-RD,51936-RD_1.jpg
51936-WE,51936-WE_1.jpg
51938,51938_1.jpg
51939-BK,51939-BK_1.jpg
51940,51940_1.jpg
51941,51941_1.jpg
51942-WEBK,51942-WEBK_1.jpg
51943-WEWE,51943-WEWE_1.jpg
51944,51944_1.jpg
51945,51945_1.jpg
51946,51946_1.jpg
51947,51947_1.jpg
51948-BKSR,51948-BKSR_1.jpg
51949-BK,51949-BK_1.jpg
51950-DGY,51950-DGY_1.jpg
51951-BK,51951-BK_1.jpg
51952-BK,51952-BK_1.jpg
51953-BK,51953-BK_1.jpg
51953-BN,51953-BN_1.jpg
51954-BK,51954-BK_1.jpg
51954-SR,51954-SR_1.jpg
51957,51957_1.jpg
51958-BK,51958-BK_1.jpg
51964,51964_1.jpg
51975-WE,51975-WE_1.jpg
51976,51976_1.jpg
51977,51977_1.jpg
51978-BKBK,51978-BKBK_1.jpg
51978-BKSR,51978-BKSR_1.jpg
51979,51979_1.jpg
51980,51980_1.jpg
51981-WE,51981-WE_1.jpg
51982,51982_1.jpg
51983-WE,51983-WE_1.jpg
51984-BE,51984-BE_1.jpg
51984-BK,51984-BK_1.jpg
51984-DRD,51984-DRD_1.jpg
51984-GY,51984-GY_1.jpg
51985-BE,51985-BE_1.jpg
51985-BK,51985-BK_1.jpg
51985-DRD,51985-DRD_1.jpg
51985-GY,51985-GY_1.jpg
51986,51986_1.jpg
51987,51987_1.jpg
51988-BK,51988-BK_1.jpg
51988-BN,51988-BN_1.jpg
51989,51989_1.jpg
51990-BK,51990-BK_1.jpg
51990-BN,51990-BN_1.jpg
51991-BK,51991-BK_1.jpg
51991-BN,51991-BN_1.jpg
51992-BK,51992-BK_1.jpg
51992-BN,51992-BN_1.jpg
51993-BE-4GB,51993-BE-4GB_1.jpg
51993-BK-4GB,51993-BK-4GB_1.jpg
51993-GY-4GB,51993-GY-4GB_1.jpg
51993-LGN-4GB,51993-LGN-4GB_1.jpg
51993-MG-4GB,51993-MG-4GB_1.jpg
51993-OE-4GB,51993-OE-4GB_1.jpg
51993-RD-4GB,51993-RD-4GB_1.jpg
51993-WE-4GB,51993-WE-4GB_1.jpg
51993-YW-4GB,51993-YW-4GB_1.jpg
51994-BE,51994-BE_1.jpg
51994-BK,51994-BK_1.jpg
51994-RD,51994-RD_1.jpg
51994-WE,51994-WE_1.jpg
51995-BK,51995-BK_1.jpg
51995-SR,51995-SR_1.jpg
51996-BK,51996-BK_1.jpg
51997,51997_1.jpg
51998,51998_1.jpg
51999-BE,51999-BE_1.jpg
51999-BE-R,51999-BE-R_1.jpg
51999-BK,51999-BK_1.jpg
51999-BK-R,51999-BK-R_1.jpg
51999-GN,51999-GN_1.jpg
51999-GN-R,51999-GN-R_1.jpg
51999-MG,51999-MG_1.jpg
51999-RD,51999-RD_1.jpg
51999-RD-R,51999-RD-R_1.jpg
51999-WE,51999-WE_1.jpg
51999-WE-R,51999-WE-R_1.jpg
52000-BE,52000-BE_1.jpg
52000-BK,52000-BK_1.jpg
52000-MG,52000-MG_1.jpg
52000-RD,52000-RD_1.jpg
52000-WE,52000-WE_1.jpg
52001,52001_1.jpg
52002,52002_1.jpg
52003,52003_1.jpg
52004,52004_1.jpg
52005-BE,52005-BE_1.jpg
52005-BK,52005-BK_1.jpg
52005-GY,52005-GY_1.jpg
52005-RD,52005-RD_1.jpg
52005-SR,52005-SR_1.jpg
52006-BK,52006-BK_1.jpg
52006-RD,52006-RD_1.jpg
52006-WE,52006-WE_1.jpg
52007,52007_1.jpg
52008,52008_1.jpg
52009,52009_1.jpg
52011,52011_1.jpg
52013-BK,52013-BK_1.jpg
52013-WE,52013-WE_1.jpg
52014-WE,52014-WE_1.jpg
52016,52016_1.jpg
52019-BE,52019-BE_1.jpg
52019-DGY,52019-DGY_1.jpg
52019-RD,52019-RD_1.jpg
52019-SR,52019-SR_1.jpg
52020,52020_1.jpg
52021,52021_1.jpg
52022-BEWE,52022-BEWE_1.jpg
52022-BKWE,52022-BKWE_1.jpg
52022-RDWE,52022-RDWE_1.jpg
52022-WEWE,52022-WEWE_1.jpg
52023-BKC,52023-BKC_1.jpg
52023-WEC,52023-WEC_1.jpg
52024,52024_1.jpg
52025,52025_1.jpg
52026,52026_1.jpg
52027-BKWE,52027-BKWE_1.jpg
52027-WEWE,52027-WEWE_1.jpg
52028-BK,52028-BK_1.jpg
52029-BE,52029-BE_1.jpg
52029-BK,52029-BK_1.jpg
52029-RD,52029-RD_1.jpg
52029-WE,52029-WE_1.jpg
52030-BK,52030-BK_1.jpg
52031-BK,52031-BK_1.jpg
52032,52032_1.jpg
52033-BK,52033-BK_1.jpg
52034-BK,52034-BK_1.jpg
52034-BKR,52034-BKR_1.jpg
52034-WE,52034-WE_1.jpg
52034-WER,52034-WER_1.jpg
52036,52036_1.jpg
52037-BE,52037-BE_1.jpg
52037-BK,52037-BK_1.jpg
52037-RD,52037-RD_1.jpg
52037-WE,52037-WE_1.jpg
52038,52038_1.jpg
52039-GY,52039-GY_1.jpg
52041-BE,52041-BE_1.jpg
52042-GY,52042-GY_1.jpg
52043,52043_1.jpg
52044,52044_1.jpg
52051,52051_1.jpg
52052,52052_1.jpg
52053,52053_1.jpg
52054-SR,52054-SR_1.jpg
52054-WE,52054-WE_1.jpg
52055-BE,52055-BE_1.jpg
52055-BK,52055-BK_1.jpg
52055-BN,52055-BN_1.jpg
52055-GN,52055-GN_1.jpg
52055-RD,52055-RD_1.jpg
52055-WE,52055-WE_1.jpg
52056-BE,52056-BE_1.jpg
52056-BK,52056-BK_1.jpg
52056-DGN,52056-DGN_1.jpg
52056-MG,52056-MG_1.jpg
52056-OE,52056-OE_1.jpg
52056-RD,52056-RD_1.jpg
52056-SR,52056-SR_1.jpg
52056-WE,52056-WE_1.jpg
52056-YW,52056-YW_1.jpg
52057-BK,52057-BK_1.jpg
52057-SR,52057-SR_1.jpg
52058,52058_1.jpg
52059,52059_1.jpg
52060-LBE,52060-LBE_1.jpg
52061-BKLBE,52061-BKLBE_1.jpg
52061-BKSR,52061-BKSR_1.jpg
52062,52062_1.jpg
52063-BKBE,52063-BKBE_1.jpg
52063-BKBK,52063-BKBK_1.jpg
52063-BKRD,52063-BKRD_1.jpg
52064,52064_1.jpg
52066,52066_1.jpg
52068,52068_1.jpg
52069,52069_1.jpg
52070,52070_1.jpg
52071,52071_1.jpg
52072,52072_1.jpg
52074,52074_1.jpg
52075,52075_1.jpg
52076,52076_1.jpg
52077-BK,52077-BK_1.jpg
52077-GN,52077-GN_1.jpg
52077-LBE,52077-LBE_1.jpg
52077-MG,52077-MG_1.jpg
52077-OE,52077-OE_1.jpg
52077-WE,52077-WE_1.jpg
52077-YW,52077-YW_1.jpg
52078-WE,52078-WE_1.jpg
52079,52079_1.jpg
52081,52081_1.jpg
52082-BK,52082-BK_1.jpg
52083-WE,52083-WE_1.jpg
52084-BK,52084-BK_1.jpg
52084-LBE,52084-LBE_1.jpg
52084-RD,52084-RD_1.jpg
52086-BE,52086-BE_1.jpg
52086-BK,52086-BK_1.jpg
52086-GN,52086-GN_1.jpg
52086-RD,52086-RD_1.jpg
52086-WE,52086-WE_1.jpg
52088,52088_1.jpg
52089-BK,52089-BK_1.jpg
52090,52090_1.jpg
52093-BE,52093-BE_1.jpg
52093-GY,52093-GY_1.jpg
52093-LGN,52093-LGN_1.jpg
52093-LMG,52093-LMG_1.jpg
52093-OE,52093-OE_1.jpg
52093-PE,52093-PE_1.jpg
52093-RD,52093-RD_1.jpg
52093-YW,52093-YW_1.jpg
52094-WE,52094-WE_1.jpg
52095,52095_1.jpg
52096-WE,52096-WE_1.jpg
52097,52097_1.jpg
52098-GY,52098-GY_1.jpg
52099-BE,52099-BE_1.jpg
52099-BK,52099-BK_1.jpg
52099-RD,52099-RD_1.jpg
52099-SR,52099-SR_1.jpg
52100,52100_1.jpg
52101,52101_1.jpg
52102-BK,52102-BK_1.jpg
52102-LGN,52102-LGN_1.jpg
52103-BKBK,52103-BKBK_1.jpg
52103-SRBE,52103-SRBE_1.jpg
52103-SRBK,52103-SRBK_1.jpg
52103-SRRD,52103-SRRD_1.jpg
52103-SRYW,52103-SRYW_1.jpg
52104,52104_1.jpg
52105-BK,52105-BK_1.jpg
52105-BN,52105-BN_1.jpg
52105-LGN,52105-LGN_1.jpg
52106,52106_1.jpg
52107,52107_1.jpg
52108-WE,52108-WE_1.jpg
52110-SRBK,52110-SRBK_1.jpg
52111-BE,52111-BE_1.jpg
52111-BK,52111-BK_1.jpg
52111-RD,52111-RD_1.jpg
52112-BK,52112-BK_1.jpg
52113,52113_1.jpg
52114,52114_1.jpg
52115,52115_1.jpg
52116-BK,52116-BK_1.jpg
52117,52117_1.jpg
52118,52118_1.jpg
52119-WE,52119-WE_1.jpg
52120-BK,52120-BK_1.jpg
52122,52122_1.jpg
52123-BE,52123-BE_1.jpg
52123-BK,52123-BK_1.jpg
52123-LGN,52123-LGN_1.jpg
52123-RD,52123-RD_1.jpg
52123-WE,52123-WE_1.jpg
52124-LGN,52124-LGN_1.jpg
52124-MG,52124-MG_1.jpg
52125,52125_1.jpg
52126,52126_1.jpg
52127,52127_1.jpg
52128,52128_1.jpg
52129-BE,52129-BE_1.jpg
52129-GY,52129-GY_1.jpg
52129-LGN,52129-LGN_1.jpg
52129-MG,52129-MG_1.jpg
52130-LGN,52130-LGN_1.jpg
52131-LGN,52131-LGN_1.jpg
52132-LGN,52132-LGN_1.jpg
52133-LGN,52133-LGN_1.jpg
52134,52134_1.jpg
52135,52135_1.jpg
52136,52136_1.jpg
52137,52137_1.jpg
52138,52138_1.jpg
52139,52139_1.jpg
52140,52140_1.jpg
52141,52141_1.jpg
52142,52142_1.jpg
52143,52143_1.jpg
52144,52144_1.jpg
52145,52145_1.jpg
52146,52146_1.jpg
52147,52147_1.jpg
52148,52148_1.jpg
52149-BKC,52149-BKC_1.jpg
52150-BKWE,52150-BKWE_1.jpg
52151,52151_1.jpg
52152,52152_1.jpg
52153,52153_1.jpg
52154,52154_1.jpg
52155,52155_1.jpg
52156,52156_1.jpg
54003,54003_1.jpg
54013,54013_1.jpg
54015,54015_1.jpg
60033,60033_1.jpg
60035,60035_1.jpg
60038-BE,60038-BE_1.jpg
60038-BK,60038-BK_1.jpg
60038-RD,60038-RD_1.jpg
60038-WE,60038-WE_1.jpg
6010158,6010158_1.jpg
60123,60123_1.jpg
60130-BK,60130-BK_1.jpg
60130-WE,60130-WE_1.jpg
60134,60134_1.jpg
60136,60136_1.jpg
60139-SR,60139-SR_1.jpg
60141,60141_1.jpg
60143,60143_1.jpg
60144,60144_1.jpg
60145,60145_1.jpg
60147,60147_1.jpg
60148,60148_1.jpg
60150-BK,60150-BK_1.jpg
60151,60151_1.jpg
60153-BE,60153-BE_1.jpg
60153-BK,60153-BK_1.jpg
60153-RD,60153-RD_1.jpg
60153-WE,60153-WE_1.jpg
60154-BKGD,60154-BKGD_1.jpg
60154-BKSR,60154-BKSR_1.jpg
60154-WESR,60154-WESR_1.jpg
60156-WE,60156-WE_1.jpg
60157-BK,60157-BK_1.jpg
60666-BE,60666-BE_1.jpg
60666-BK,60666-BK_1.jpg
60666-OE,60666-OE_1.jpg
60666-RD,60666-RD_1.jpg
60666-WE,60666-WE_1.jpg
70005,70005_1.jpg
70017,70017_1.jpg
70018,70018_1.jpg
70019,70019_1.jpg
70024,70024_1.jpg
70050,70050_1.jpg
70065,70065_1.jpg
70069,70069_1.jpg
70073,70073_1.jpg
70076,70076_1.jpg
70083,70083_1.jpg
70088BK,70088BK_1.jpg
70089,70089_1.jpg
70091BK,70091BK_1.jpg
70091RG,70091RG_1.jpg
70091WE,70091WE_1.jpg
7010201,7010201_1.jpg
70112,70112_1.jpg
70114,70114_1.jpg
70122,70122_1.jpg
70124,70124_1.jpg
70129,70129_1.jpg
70129-CH,70129-CH_1.jpg
70130,70130_1.jpg
70131,70131_1.jpg
70135-BK,70135-BK_1.jpg
70135-WE,70135-WE_1.jpg
70136,70136_1.jpg
70137-BK,70137-BK_1.jpg
70137-WE,70137-WE_1.jpg
70139,70139_1.jpg
70140,70140_1.jpg
70141,70141_1.jpg
70142,70142_1.jpg
70143-BK,70143-BK_1.jpg
70143-WE,70143-WE_1.jpg
70144-BK,70144-BK_1.jpg
70145-BK,70145-BK_1.jpg
70146,70146_1.jpg
70147,70147_1.jpg
70148,70148_1.jpg
70149,70149_1.jpg
70150,70150_1.jpg
70151,70151_1.jpg
70152,70152_1.jpg
70153,70153_1.jpg
70154,70154_1.jpg
70155,70155_1.jpg
70156,70156_1.jpg
70158,70158_1.jpg
70159,70159_1.jpg
70160,70160_1.jpg
70161,70161_1.jpg
70162,70162_1.jpg
70163,70163_1.jpg
70164,70164_1.jpg
70165,70165_1.jpg
70166,70166_1.jpg
70166-MG,70166-MG_1.jpg
70167,70167_1.jpg
70170,70170_1.jpg
70171,70171_1.jpg
70172,70172_1.jpg
70172-CH,70172-CH_1.jpg
70174,70174_1.jpg
70175,70175_1.jpg
70176,70176_1.jpg
70177-BK,70177-BK_1.jpg
70177-BN,70177-BN_1.jpg
70177-WE,70177-WE_1.jpg
70178-BK,70178-BK_1.jpg
70178-BN,70178-BN_1.jpg
70178-WE,70178-WE_1.jpg
70179,70179_1.jpg
70180,70180_1.jpg
70181-BK,70181-BK_1.jpg
70181-OE,70181-OE_1.jpg
70182-BK,70182-BK_1.jpg
70182-WE,70182-WE_1.jpg
70183,70183_1.jpg
70184-BE,70184-BE_1.jpg
70184-BK,70184-BK_1.jpg
70184-RD,70184-RD_1.jpg
70185-BE,70185-BE_1.jpg
70185-BK,70185-BK_1.jpg
70185-BN,70185-BN_1.jpg
70185-GN,70185-GN_1.jpg
70185-GNP,70185-GNP_1.jpg
70185-GY,70185-GY_1.jpg
70185-LBE,70185-LBE_1.jpg
70185-LGN,70185-LGN_1.jpg
70185-MG,70185-MG_1.jpg
70185-MGP,70185-MGP_1.jpg
70185-OE,70185-OE_1.jpg
70185-PE,70185-PE_1.jpg
70185-PEP,70185-PEP_1.jpg
70185-RD,70185-RD_1.jpg
70185-WE,70185-WE_1.jpg
70185-YW,70185-YW_1.jpg
70186-BE,70186-BE_1.jpg
70186-BK,70186-BK_1.jpg
70186-GN,70186-GN_1.jpg
70186-LBE,70186-LBE_1.jpg
70186-LGN,70186-LGN_1.jpg
70186-MG,70186-MG_1.jpg
70186-OE,70186-OE_1.jpg
70186-PE,70186-PE_1.jpg
70186-RD,70186-RD_1.jpg
70186-WE,70186-WE_1.jpg
70186-YW,70186-YW_1.jpg
70187-BK,70187-BK_1.jpg
70187-WE,70187-WE_1.jpg
70188-BK,70188-BK_1.jpg
70188-WE,70188-WE_1.jpg
70191,70191_1.jpg
70192,70192_1.jpg
70193-BK,70193-BK_1.jpg
70193-WE,70193-WE_1.jpg
70194-BK,70194-BK_1.jpg
70194-WE,70194-WE_1.jpg
70195-BK,70195-BK_1.jpg
70195-SR,70195-SR_1.jpg
70196-BE,70196-BE_1.jpg
70196-SR,70196-SR_1.jpg
70197-BE,70197-BE_1.jpg
70197-SR,70197-SR_1.jpg
70200-BE,70200-BE_1.jpg
70200-BK,70200-BK_1.jpg
70200-GN,70200-GN_1.jpg
70200-LBE,70200-LBE_1.jpg
70200-LGN,70200-LGN_1.jpg
70200-MG,70200-MG_1.jpg
70200-OE,70200-OE_1.jpg
70200-PE,70200-PE_1.jpg
70200-RD,70200-RD_1.jpg
70200-WE,70200-WE_1.jpg
70200-YW,70200-YW_1.jpg
70201-BE,70201-BE_1.jpg
70201-BK,70201-BK_1.jpg
70201-GN,70201-GN_1.jpg
70201-LBE,70201-LBE_1.jpg
70201-LGN,70201-LGN_1.jpg
70201-MG,70201-MG_1.jpg
70201-OE,70201-OE_1.jpg
70201-PE,70201-PE_1.jpg
70201-RD,70201-RD_1.jpg
70201-WE,70201-WE_1.jpg
70201-YW,70201-YW_1.jpg
70202-NGN,70202-NGN_1.jpg
70202-NOE,70202-NOE_1.jpg
70203-NGN,70203-NGN_1.jpg
70203-NOE,70203-NOE_1.jpg
70204,70204_1.jpg
70205,70205_1.jpg
70206-BE,70206-BE_1.jpg
70206-BK,70206-BK_1.jpg
70206-LBE,70206-LBE_1.jpg
70206-LGN,70206-LGN_1.jpg
70206-MG,70206-MG_1.jpg
70206-OE,70206-OE_1.jpg
70206-RD,70206-RD_1.jpg
70206-WE,70206-WE_1.jpg
70207-BE,70207-BE_1.jpg
70207-BK,70207-BK_1.jpg
70207-LBE,70207-LBE_1.jpg
70207-LGN,70207-LGN_1.jpg
70207-MG,70207-MG_1.jpg
70207-OE,70207-OE_1.jpg
70207-RD,70207-RD_1.jpg
70207-WE,70207-WE_1.jpg
70208,70208_1.jpg
70209,70209_1.jpg
70210-BEBE,70210-BEBE_1.jpg
70210-BELGN,70210-BELGN_1.jpg
70210-BEOE,70210-BEOE_1.jpg
70210-BEYW,70210-BEYW_1.jpg
70210-BKBK,70210-BKBK_1.jpg
70210-BKLBE,70210-BKLBE_1.jpg
70210-BKOE,70210-BKOE_1.jpg
70210-BKYW,70210-BKYW_1.jpg
70210-RDBK,70210-RDBK_1.jpg
70210-RDRD,70210-RDRD_1.jpg
70210-WELGN,70210-WELGN_1.jpg
70210-WEMG,70210-WEMG_1.jpg
70210-WEOE,70210-WEOE_1.jpg
70210-WEWE,70210-WEWE_1.jpg
70211-BE,70211-BE_1.jpg
70211-BK,70211-BK_1.jpg
70211-LBE,70211-LBE_1.jpg
70211-LGN,70211-LGN_1.jpg
70211-MG,70211-MG_1.jpg
70211-OE,70211-OE_1.jpg
70211-RD,70211-RD_1.jpg
70211-WE,70211-WE_1.jpg
70212-WESR,70212-WESR_1.jpg
70213-BK,70213-BK_1.jpg
70213-WE,70213-WE_1.jpg
70215-BE,70215-BE_1.jpg
70215-BE/WE/RD,70215-BE_WE_RD_1.jpg
70215-BK,70215-BK_1.jpg
70215-BK/GY/RD,70215-BK_GY_RD_1.jpg
70215-LBE,70215-LBE_1.jpg
70215-LGN,70215-LGN_1.jpg
70215-MG,70215-MG_1.jpg
70215-OE,70215-OE_1.jpg
70215-RD,70215-RD_1.jpg
70215-SR/BE/OE,70215-SR_BE_OE_1.jpg
70215-SR/BN/RD,70215-SR_BN_RD_1.jpg
70215-WE,70215-WE_1.jpg
70215-YW,70215-YW_1.jpg
70216,70216_1.jpg
70217,70217_1.jpg
70218,70218_1.jpg
70219,70219_1.jpg
70220,70220_1.jpg
70221,70221_1.jpg
70222,70222_1.jpg
70223,70223_1.jpg
70224,70224_1.jpg
70225,70225_1.jpg
70227,70227_1.jpg
70228-BK,70228-BK_1.jpg
70228-MG,70228-MG_1.jpg
70229,70229_1.jpg
70230,70230_1.jpg
70231-BE,70231-BE_1.jpg
70231-BK,70231-BK_1.jpg
70231-BN,70231-BN_1.jpg
70231-LBE,70231-LBE_1.jpg
70231-LGN,70231-LGN_1.jpg
70231-OE,70231-OE_1.jpg
70555-BE,70555-BE_1.jpg
70555-BK,70555-BK_1.jpg
70555-BN,70555-BN_1.jpg
70555-GN,70555-GN_1.jpg
70555-GY,70555-GY_1.jpg
70555-LBE,70555-LBE_1.jpg
70555-LGN,70555-LGN_1.jpg
70555-MG,70555-MG_1.jpg
70555-OE,70555-OE_1.jpg
70555-PE,70555-PE_1.jpg
70555-RD,70555-RD_1.jpg
70555-WE,70555-WE_1.jpg
70555-YW,70555-YW_1.jpg
70777-SR,70777-SR_1.jpg
70888-BE,70888-BE_1.jpg
70888-BK,70888-BK_1.jpg
70888-BN,70888-BN_1.jpg
70888-GN,70888-GN_1.jpg
70888-GY,70888-GY_1.jpg
70888-LBE,70888-LBE_1.jpg
70888-LGN,70888-LGN_1.jpg
70888-MG,70888-MG_1.jpg
70888-OE,70888-OE_1.jpg
70888-PE,70888-PE_1.jpg
70888-RD,70888-RD_1.jpg
70888-WE,70888-WE_1.jpg
70888-YW,70888-YW_1.jpg
70999-BK,70999-BK_1.jpg
70999-WE,70999-WE_1.jpg
9010200,9010200_1.jpg
FP50-700-712-904-906,FP50-700-712-904-906_1.jpg
FP50-713-905-906,FP50-713-905-906_1.jpg
WP02,WP02_1.jpg
WP03,WP03_1.jpg
WP04,WP04_1.jpg
WP05,WP05_1.jpg
WP07,WP07_1.jpg
WP08,WP08_1.jpg
WP09,WP09_1.jpg